date,store,category,product,quantity,unit_price,revenue
2023-04-13,Bangalore,Home Decor,B1,9,263,2367
2023-06-29,Chennai,Groceries,D1,6,194,1164
2023-04-03,Hyderabad,Clothing,A1,6,1905,11430
2023-01-15,Hyderabad,Clothing,B1,5,932,4660
2023-04-17,Chennai,Home Decor,A1,5,1233,6165
2023-03-13,Mumbai,Electronics,D1,2,435,870
2023-01-21,Hyderabad,Groceries,C1,8,921,7368
2023-04-13,Bangalore,Electronics,C1,8,337,2696
2023-05-02,Mumbai,Electronics,B1,1,480,480
2023-03-16,Bangalore,Electronics,A1,8,1559,12472
2023-03-29,Delhi,Electronics,A1,5,998,4990
2023-04-27,Mumbai,Clothing,B1,2,582,1164
2023-04-10,Hyderabad,Clothing,C1,2,1001,2002
2023-04-14,Mumbai,Electronics,D1,6,1148,6888
2023-06-01,Mumbai,Groceries,B1,9,1776,15984
2023-05-11,Mumbai,Home Decor,D1,1,1240,1240
2023-05-30,Mumbai,Groceries,C1,6,581,3486
2023-02-22,Bangalore,Groceries,A1,9,1515,13635
2023-01-02,Delhi,Groceries,C1,8,1016,8128
2023-03-29,Chennai,Electronics,B1,6,1093,6558
2023-06-07,Mumbai,Clothing,A1,3,1063,3189
2023-02-07,Hyderabad,Groceries,B1,8,636,5088
2023-05-10,Mumbai,Electronics,B1,9,1202,10818
2023-01-21,Hyderabad,Groceries,C1,1,1703,1703
2023-06-10,Bangalore,Groceries,B1,9,1296,11664
2023-02-27,Hyderabad,Electronics,C1,6,1135,6810
2023-01-22,Chennai,Clothing,A1,6,1923,11538
2023-03-30,Delhi,Clothing,C1,4,227,908
2023-02-18,Hyderabad,Home Decor,A1,1,1731,1731
2023-02-28,Hyderabad,Electronics,C1,8,191,1528
2023-06-19,Delhi,Home Decor,D1,2,1776,3552
2023-01-15,Chennai,Home Decor,D1,1,642,642
2023-06-24,Mumbai,Home Decor,B1,2,945,1890
2023-02-20,Hyderabad,Clothing,C1,1,1655,1655
2023-04-18,Delhi,Electronics,C1,1,1781,1781
2023-02-24,Bangalore,Home Decor,A1,9,1088,9792
2023-03-05,Delhi,Electronics,B1,1,1951,1951
2023-05-11,Bangalore,Electronics,C1,4,546,2184
2023-02-20,Chennai,Clothing,B1,6,489,2934
2023-05-15,Mumbai,Home Decor,D1,7,771,5397
2023-01-21,Delhi,Home Decor,C1,2,1984,3968
2023-03-14,Hyderabad,Electronics,C1,6,142,852
2023-06-16,Chennai,Groceries,B1,7,353,2471
2023-01-18,Delhi,Clothing,C1,2,1253,2506
2023-05-12,Hyderabad,Clothing,B1,2,1183,2366
2023-03-30,Delhi,Clothing,C1,7,762,5334
2023-03-01,Bangalore,Clothing,A1,1,566,566
2023-01-14,Delhi,Home Decor,B1,8,386,3088
2023-01-09,Delhi,Home Decor,C1,3,1110,3330
2023-03-31,Delhi,Groceries,D1,6,1640,9840
2023-02-22,Chennai,Clothing,C1,9,1590,14310
2023-05-10,Delhi,Clothing,D1,6,877,5262
2023-03-25,Hyderabad,Electronics,D1,9,444,3996
2023-04-02,Bangalore,Home Decor,A1,7,741,5187
2023-04-21,Bangalore,Clothing,B1,9,481,4329
2023-06-21,Delhi,Groceries,C1,2,1902,3804
2023-01-08,Chennai,Groceries,A1,8,789,6312
2023-06-24,Chennai,Home Decor,C1,8,1376,11008
2023-02-04,Hyderabad,Groceries,D1,2,1179,2358
2023-03-22,Delhi,Groceries,B1,4,1586,6344
2023-06-13,Bangalore,Home Decor,C1,7,556,3892
2023-02-19,Chennai,Clothing,C1,4,1082,4328
2023-04-14,Delhi,Clothing,D1,4,182,728
2023-05-12,Chennai,Groceries,C1,6,1222,7332
2023-01-02,Chennai,Groceries,C1,6,248,1488
2023-05-14,Bangalore,Clothing,D1,3,1452,4356
2023-02-23,Mumbai,Home Decor,A1,9,1279,11511
2023-04-16,Hyderabad,Groceries,D1,2,289,578
2023-01-04,Hyderabad,Electronics,A1,6,1617,9702
2023-02-23,Bangalore,Home Decor,B1,7,982,6874
2023-05-26,Chennai,Groceries,A1,9,362,3258
2023-02-13,Delhi,Groceries,A1,3,1203,3609
2023-06-11,Chennai,Electronics,B1,3,499,1497
2023-01-14,Bangalore,Electronics,A1,7,863,6041
2023-04-05,Hyderabad,Clothing,D1,4,708,2832
2023-02-17,Chennai,Home Decor,A1,8,1383,11064
2023-01-15,Hyderabad,Home Decor,B1,7,1895,13265
2023-02-09,Delhi,Clothing,D1,5,1738,8690
2023-03-23,Hyderabad,Home Decor,B1,7,1675,11725
2023-04-21,Hyderabad,Home Decor,B1,3,884,2652
2023-02-22,Mumbai,Home Decor,C1,2,200,400
2023-01-24,Mumbai,Home Decor,C1,6,1482,8892
2023-06-03,Mumbai,Home Decor,B1,2,1503,3006
2023-05-04,Hyderabad,Electronics,B1,3,919,2757
2023-02-10,Bangalore,Home Decor,B1,6,1344,8064
2023-06-06,Hyderabad,Electronics,C1,5,919,4595
2023-01-15,Bangalore,Home Decor,C1,8,519,4152
2023-02-14,Bangalore,Clothing,A1,9,223,2007
2023-03-06,Mumbai,Groceries,A1,3,521,1563
2023-03-30,Chennai,Electronics,B1,3,1354,4062
2023-03-12,Delhi,Home Decor,D1,3,1813,5439
2023-01-09,Mumbai,Clothing,D1,6,1186,7116
2023-03-29,Mumbai,Groceries,C1,1,1608,1608
2023-05-09,Chennai,Electronics,C1,7,1751,12257
2023-05-16,Delhi,Groceries,C1,1,1826,1826
2023-03-04,Hyderabad,Clothing,B1,5,1697,8485
2023-05-19,Hyderabad,Electronics,D1,8,867,6936
2023-03-22,Mumbai,Groceries,A1,4,582,2328
2023-05-16,Delhi,Home Decor,B1,5,618,3090
2023-06-12,Mumbai,Electronics,A1,4,254,1016
2023-06-12,Bangalore,Groceries,A1,4,191,764
2023-02-02,Mumbai,Clothing,B1,8,1081,8648
2023-05-03,Mumbai,Clothing,A1,2,1649,3298
2023-01-05,Hyderabad,Electronics,D1,1,554,554
2023-02-10,Hyderabad,Groceries,A1,3,1864,5592
2023-01-28,Hyderabad,Electronics,D1,9,697,6273
2023-05-15,Bangalore,Electronics,D1,4,1768,7072
2023-03-13,Hyderabad,Groceries,D1,5,609,3045
2023-01-12,Delhi,Groceries,C1,2,1306,2612
2023-06-11,Chennai,Home Decor,A1,4,485,1940
2023-02-02,Delhi,Groceries,B1,2,1697,3394
2023-02-17,Delhi,Clothing,B1,2,1854,3708
2023-05-31,Hyderabad,Electronics,A1,4,504,2016
2023-03-03,Chennai,Electronics,C1,6,345,2070
2023-02-06,Chennai,Clothing,C1,7,841,5887
2023-04-09,Chennai,Groceries,D1,3,1714,5142
2023-06-21,Bangalore,Clothing,A1,3,760,2280
2023-04-14,Hyderabad,Clothing,A1,6,749,4494
2023-02-04,Chennai,Home Decor,B1,3,1594,4782
2023-04-11,Bangalore,Clothing,A1,2,1949,3898
2023-06-24,Mumbai,Electronics,C1,8,1546,12368
2023-05-11,Mumbai,Clothing,A1,5,1000,5000
2023-01-01,Bangalore,Electronics,B1,1,164,164
2023-01-05,Bangalore,Electronics,D1,3,1136,3408
2023-05-22,Hyderabad,Electronics,B1,8,312,2496
2023-04-13,Hyderabad,Groceries,B1,4,341,1364
2023-01-27,Mumbai,Home Decor,D1,7,592,4144
2023-05-17,Chennai,Electronics,B1,2,1336,2672
2023-01-15,Mumbai,Electronics,B1,7,1816,12712
2023-03-31,Chennai,Groceries,A1,5,437,2185
2023-02-11,Chennai,Electronics,A1,5,272,1360
2023-05-04,Hyderabad,Clothing,D1,6,771,4626
2023-06-28,Delhi,Clothing,A1,9,263,2367
2023-03-04,Delhi,Home Decor,A1,6,564,3384
2023-04-06,Bangalore,Electronics,B1,8,1094,8752
2023-02-21,Hyderabad,Groceries,C1,7,596,4172
2023-04-06,Chennai,Clothing,A1,9,799,7191
2023-05-12,Delhi,Groceries,C1,4,494,1976
2023-05-31,Chennai,Groceries,A1,2,802,1604
2023-05-23,Delhi,Clothing,A1,7,407,2849
2023-06-20,Delhi,Groceries,D1,6,1891,11346
2023-01-29,Delhi,Clothing,D1,1,282,282
2023-02-05,Hyderabad,Groceries,D1,9,728,6552
2023-01-13,Mumbai,Clothing,C1,9,1917,17253
2023-06-09,Chennai,Electronics,B1,2,609,1218
2023-03-12,Hyderabad,Home Decor,A1,3,1831,5493
2023-03-27,Hyderabad,Clothing,A1,5,645,3225
2023-01-28,Hyderabad,Clothing,A1,5,1687,8435
2023-03-07,Hyderabad,Home Decor,C1,1,723,723
2023-06-19,Hyderabad,Clothing,D1,8,1887,15096
2023-02-14,Bangalore,Clothing,B1,8,693,5544
2023-03-03,Chennai,Groceries,C1,4,843,3372
2023-05-14,Hyderabad,Home Decor,D1,7,1350,9450
2023-01-28,Chennai,Electronics,C1,3,1868,5604
2023-01-28,Bangalore,Clothing,B1,6,1856,11136
2023-04-18,Bangalore,Home Decor,D1,9,1559,14031
2023-02-13,Chennai,Groceries,C1,1,1545,1545
2023-03-25,Delhi,Electronics,B1,5,653,3265
2023-01-30,Mumbai,Home Decor,A1,4,120,480
2023-03-16,Delhi,Electronics,B1,8,653,5224
2023-05-08,Delhi,Electronics,A1,1,496,496
2023-04-02,Delhi,Electronics,C1,9,724,6516
2023-05-09,Hyderabad,Clothing,D1,6,204,1224
2023-05-01,Bangalore,Clothing,D1,4,291,1164
2023-01-27,Delhi,Groceries,C1,9,116,1044
2023-05-01,Bangalore,Groceries,D1,5,1243,6215
2023-04-26,Chennai,Home Decor,D1,5,492,2460
2023-01-03,Mumbai,Groceries,A1,5,524,2620
2023-04-13,Chennai,Electronics,C1,1,228,228
2023-06-04,Chennai,Electronics,B1,1,1253,1253
2023-05-17,Hyderabad,Clothing,A1,8,671,5368
2023-03-03,Mumbai,Electronics,C1,8,1683,13464
2023-06-14,Chennai,Home Decor,A1,6,128,768
2023-02-20,Chennai,Electronics,B1,4,1220,4880
2023-06-21,Mumbai,Electronics,B1,2,1133,2266
2023-06-01,Mumbai,Home Decor,C1,2,341,682
2023-02-28,Chennai,Groceries,B1,9,1949,17541
2023-04-28,Mumbai,Groceries,A1,5,331,1655
2023-06-09,Chennai,Home Decor,B1,4,888,3552
2023-04-06,Chennai,Clothing,A1,1,1407,1407
2023-06-29,Hyderabad,Electronics,A1,7,814,5698
2023-04-23,Delhi,Home Decor,B1,3,858,2574
2023-03-03,Chennai,Electronics,C1,6,901,5406
2023-02-21,Bangalore,Clothing,D1,5,875,4375
2023-01-12,Delhi,Electronics,B1,5,825,4125
2023-02-08,Delhi,Home Decor,A1,5,299,1495
2023-05-10,Delhi,Electronics,A1,1,1044,1044
2023-05-11,Hyderabad,Groceries,B1,1,178,178
2023-04-23,Chennai,Clothing,C1,3,1055,3165
2023-04-11,Hyderabad,Clothing,C1,4,1978,7912
2023-04-23,Chennai,Clothing,A1,5,955,4775
2023-03-22,Hyderabad,Home Decor,A1,2,1296,2592
2023-04-23,Hyderabad,Clothing,C1,8,566,4528
2023-01-02,Bangalore,Groceries,D1,2,680,1360
2023-05-10,Hyderabad,Home Decor,B1,9,1539,13851
2023-02-23,Mumbai,Groceries,A1,2,1039,2078
2023-03-28,Bangalore,Electronics,A1,9,548,4932
2023-05-09,Hyderabad,Electronics,C1,7,186,1302
2023-05-27,Delhi,Electronics,B1,8,200,1600
2023-05-06,Mumbai,Electronics,C1,2,1131,2262
2023-05-10,Mumbai,Groceries,B1,7,944,6608
2023-02-22,Mumbai,Home Decor,B1,6,1323,7938
2023-06-21,Bangalore,Home Decor,B1,4,1628,6512
2023-06-09,Hyderabad,Clothing,A1,7,186,1302
2023-06-09,Hyderabad,Groceries,D1,4,142,568
2023-03-09,Delhi,Electronics,C1,2,1508,3016
2023-05-03,Delhi,Groceries,D1,7,1744,12208
2023-05-25,Mumbai,Clothing,C1,8,1558,12464
2023-02-07,Delhi,Clothing,B1,2,507,1014
2023-01-24,Bangalore,Groceries,A1,5,1606,8030
2023-03-10,Hyderabad,Groceries,D1,1,763,763
2023-04-26,Mumbai,Groceries,A1,7,1140,7980
2023-04-08,Delhi,Home Decor,C1,8,1768,14144
2023-05-19,Bangalore,Electronics,A1,6,247,1482
2023-05-24,Bangalore,Groceries,A1,5,376,1880
2023-04-07,Delhi,Groceries,D1,6,331,1986
2023-05-04,Hyderabad,Groceries,B1,2,1949,3898
2023-03-11,Delhi,Clothing,A1,1,465,465
2023-04-03,Mumbai,Clothing,B1,7,1351,9457
2023-01-03,Delhi,Home Decor,C1,7,1774,12418
2023-05-28,Bangalore,Electronics,A1,2,535,1070
2023-06-13,Delhi,Home Decor,D1,2,498,996
2023-05-27,Hyderabad,Electronics,C1,1,1334,1334
2023-03-31,Chennai,Clothing,C1,8,1514,12112
2023-05-27,Delhi,Clothing,D1,8,598,4784
2023-05-28,Hyderabad,Clothing,A1,1,639,639
2023-04-06,Hyderabad,Home Decor,A1,8,662,5296
2023-02-21,Bangalore,Groceries,C1,9,1614,14526
2023-06-10,Hyderabad,Groceries,A1,4,541,2164
2023-06-17,Hyderabad,Clothing,B1,1,1384,1384
2023-05-08,Hyderabad,Groceries,D1,1,872,872
2023-02-08,Hyderabad,Groceries,B1,3,449,1347
2023-03-23,Mumbai,Home Decor,A1,5,1475,7375
2023-04-14,Mumbai,Electronics,C1,5,619,3095
2023-05-09,Bangalore,Clothing,D1,9,1443,12987
2023-01-11,Delhi,Clothing,A1,2,237,474
2023-06-27,Hyderabad,Home Decor,A1,2,1673,3346
2023-05-31,Delhi,Home Decor,C1,6,1746,10476
2023-06-08,Delhi,Groceries,C1,9,1091,9819
2023-02-11,Bangalore,Clothing,B1,1,467,467
2023-04-09,Hyderabad,Electronics,D1,9,1343,12087
2023-01-07,Hyderabad,Home Decor,D1,9,1460,13140
2023-05-24,Chennai,Electronics,C1,9,1346,12114
2023-03-31,Delhi,Electronics,B1,5,1771,8855
2023-04-22,Delhi,Clothing,D1,9,1891,17019
2023-03-01,Mumbai,Clothing,C1,4,459,1836
2023-04-23,Chennai,Home Decor,A1,2,1020,2040
2023-01-02,Mumbai,Clothing,D1,6,428,2568
2023-05-09,Mumbai,Clothing,B1,4,1061,4244
2023-02-17,Mumbai,Clothing,B1,6,562,3372
2023-05-20,Bangalore,Electronics,B1,3,1045,3135
2023-02-06,Bangalore,Home Decor,A1,6,1062,6372
2023-06-09,Mumbai,Groceries,D1,2,1684,3368
2023-01-09,Chennai,Electronics,D1,2,1927,3854
2023-04-09,Delhi,Clothing,A1,9,1505,13545
2023-05-27,Chennai,Electronics,D1,7,935,6545
2023-02-17,Hyderabad,Clothing,A1,3,1713,5139
2023-05-11,Bangalore,Clothing,A1,1,1740,1740
2023-05-28,Delhi,Electronics,A1,8,268,2144
2023-06-01,Delhi,Home Decor,B1,6,316,1896
2023-02-23,Hyderabad,Clothing,D1,7,477,3339
2023-04-30,Hyderabad,Home Decor,A1,9,218,1962
2023-06-10,Mumbai,Groceries,D1,5,289,1445
2023-06-01,Bangalore,Clothing,B1,1,866,866
2023-04-26,Bangalore,Home Decor,A1,7,469,3283
2023-03-16,Chennai,Home Decor,C1,5,1901,9505
2023-04-23,Mumbai,Groceries,B1,3,248,744
2023-06-13,Mumbai,Home Decor,C1,9,1799,16191
2023-06-15,Mumbai,Home Decor,D1,1,751,751
2023-04-14,Mumbai,Groceries,D1,1,1982,1982
2023-03-25,Bangalore,Clothing,B1,1,1611,1611
2023-04-22,Bangalore,Home Decor,D1,3,869,2607
2023-04-09,Mumbai,Home Decor,C1,6,473,2838
2023-06-02,Chennai,Home Decor,A1,3,880,2640
2023-04-03,Delhi,Electronics,A1,8,1816,14528
2023-05-26,Delhi,Groceries,A1,2,259,518
2023-05-08,Chennai,Electronics,B1,9,450,4050
2023-04-20,Mumbai,Groceries,D1,3,1411,4233
2023-03-23,Bangalore,Clothing,C1,5,1411,7055
2023-02-23,Delhi,Clothing,D1,8,991,7928
2023-06-12,Hyderabad,Home Decor,D1,2,1349,2698
2023-06-18,Hyderabad,Groceries,D1,6,622,3732
2023-06-10,Chennai,Clothing,A1,5,621,3105
2023-03-09,Mumbai,Groceries,C1,9,882,7938
2023-02-02,Delhi,Clothing,C1,5,372,1860
2023-05-22,Mumbai,Electronics,D1,2,1035,2070
2023-01-21,Delhi,Clothing,A1,5,1525,7625
2023-02-17,Chennai,Electronics,A1,4,282,1128
2023-05-28,Chennai,Clothing,C1,7,1788,12516
2023-05-08,Hyderabad,Home Decor,A1,6,587,3522
2023-05-16,Mumbai,Electronics,A1,2,1950,3900
2023-05-15,Hyderabad,Clothing,A1,5,945,4725
2023-05-25,Mumbai,Home Decor,B1,7,223,1561
2023-05-08,Hyderabad,Electronics,D1,7,1084,7588
2023-02-02,Bangalore,Home Decor,C1,5,1749,8745
2023-06-25,Bangalore,Groceries,C1,9,889,8001
2023-04-25,Bangalore,Groceries,B1,4,513,2052
2023-04-29,Bangalore,Electronics,D1,3,1848,5544
2023-01-22,Delhi,Clothing,C1,4,1295,5180
2023-06-07,Bangalore,Electronics,A1,5,1411,7055
2023-02-07,Chennai,Home Decor,C1,6,1558,9348
2023-04-19,Chennai,Clothing,A1,3,785,2355
2023-02-20,Delhi,Groceries,B1,2,212,424
2023-01-08,Bangalore,Clothing,A1,4,987,3948
2023-01-27,Bangalore,Groceries,C1,5,221,1105
2023-01-27,Bangalore,Clothing,C1,4,1667,6668
2023-01-21,Hyderabad,Clothing,C1,3,1345,4035
2023-01-30,Mumbai,Clothing,B1,8,1754,14032
2023-04-07,Hyderabad,Home Decor,B1,4,138,552
2023-01-28,Mumbai,Home Decor,D1,2,596,1192
2023-04-21,Bangalore,Electronics,C1,2,879,1758
2023-03-02,Bangalore,Electronics,A1,1,1356,1356
2023-02-17,Hyderabad,Groceries,B1,4,1042,4168
2023-05-27,Hyderabad,Home Decor,C1,9,1653,14877
2023-01-04,Mumbai,Groceries,C1,7,248,1736
2023-02-04,Chennai,Electronics,B1,7,1520,10640
2023-02-18,Mumbai,Groceries,D1,7,1121,7847
2023-01-17,Hyderabad,Electronics,B1,8,760,6080
2023-06-21,Hyderabad,Home Decor,B1,1,1761,1761
2023-06-07,Delhi,Clothing,A1,8,401,3208
2023-02-15,Hyderabad,Home Decor,A1,4,1483,5932
2023-04-27,Delhi,Groceries,D1,4,337,1348
2023-01-06,Chennai,Groceries,C1,4,746,2984
2023-04-09,Mumbai,Home Decor,B1,6,762,4572
2023-05-04,Mumbai,Home Decor,D1,7,335,2345
2023-02-06,Delhi,Electronics,A1,6,1859,11154
2023-01-24,Mumbai,Groceries,B1,1,302,302
2023-04-03,Hyderabad,Groceries,C1,8,355,2840
2023-02-15,Bangalore,Home Decor,A1,7,697,4879
2023-04-05,Delhi,Clothing,A1,6,761,4566
2023-04-09,Mumbai,Groceries,A1,6,334,2004
2023-04-26,Delhi,Clothing,D1,5,1468,7340
2023-06-09,Delhi,Home Decor,C1,6,633,3798
2023-06-10,Bangalore,Home Decor,B1,9,959,8631
2023-03-08,Hyderabad,Electronics,D1,9,1920,17280
2023-05-08,Delhi,Groceries,D1,8,1904,15232
2023-01-18,Mumbai,Clothing,D1,9,1589,14301
2023-01-25,Chennai,Electronics,A1,8,869,6952
2023-02-23,Delhi,Groceries,C1,8,640,5120
2023-02-27,Delhi,Electronics,D1,1,312,312
2023-03-08,Bangalore,Home Decor,B1,5,562,2810
2023-04-14,Hyderabad,Groceries,C1,4,535,2140
2023-06-23,Chennai,Electronics,B1,2,382,764
2023-01-24,Mumbai,Electronics,C1,8,1685,13480
2023-04-24,Chennai,Clothing,B1,3,1730,5190
2023-02-01,Mumbai,Electronics,A1,4,1586,6344
2023-06-24,Hyderabad,Groceries,D1,7,1530,10710
2023-03-27,Mumbai,Groceries,B1,9,187,1683
2023-05-31,Bangalore,Clothing,C1,2,1167,2334
2023-05-07,Bangalore,Groceries,D1,3,560,1680
2023-06-04,Bangalore,Home Decor,D1,4,377,1508
2023-05-10,Bangalore,Groceries,C1,1,1806,1806
2023-01-17,Chennai,Groceries,B1,7,520,3640
2023-04-14,Hyderabad,Electronics,A1,2,1824,3648
2023-06-10,Mumbai,Electronics,A1,5,1476,7380
2023-05-17,Mumbai,Groceries,B1,1,795,795
2023-02-12,Bangalore,Clothing,D1,3,614,1842
2023-06-25,Bangalore,Electronics,D1,2,802,1604
2023-02-08,Delhi,Clothing,D1,1,1753,1753
2023-06-19,Hyderabad,Groceries,D1,7,118,826
2023-01-26,Chennai,Groceries,B1,5,122,610
2023-04-09,Mumbai,Home Decor,D1,1,512,512
2023-02-19,Delhi,Electronics,C1,6,1153,6918
2023-06-02,Delhi,Groceries,D1,5,1930,9650
2023-06-01,Mumbai,Home Decor,A1,3,207,621
2023-01-13,Chennai,Electronics,D1,7,1490,10430
2023-03-01,Delhi,Groceries,B1,9,1404,12636
2023-05-15,Delhi,Groceries,A1,9,1251,11259
2023-02-26,Hyderabad,Electronics,B1,9,1352,12168
2023-02-05,Chennai,Electronics,B1,2,1234,2468
2023-06-22,Delhi,Electronics,A1,3,235,705
2023-01-20,Chennai,Groceries,B1,7,461,3227
2023-03-06,Mumbai,Groceries,B1,5,1309,6545
2023-01-08,Bangalore,Home Decor,D1,2,1779,3558
2023-05-24,Delhi,Clothing,C1,3,1707,5121
2023-05-22,Hyderabad,Electronics,B1,6,228,1368
2023-04-25,Mumbai,Groceries,B1,7,1999,13993
2023-05-23,Chennai,Groceries,B1,9,1384,12456
2023-04-02,Mumbai,Electronics,D1,1,614,614
2023-04-08,Delhi,Clothing,C1,7,548,3836
2023-03-07,Chennai,Electronics,A1,8,1227,9816
2023-02-01,Bangalore,Clothing,D1,3,1606,4818
2023-03-27,Mumbai,Groceries,D1,4,1347,5388
2023-02-20,Delhi,Clothing,C1,6,1955,11730
2023-06-02,Hyderabad,Home Decor,C1,7,973,6811
2023-03-04,Chennai,Groceries,D1,4,1989,7956
2023-05-05,Mumbai,Home Decor,A1,8,1614,12912
2023-05-30,Mumbai,Electronics,D1,5,572,2860
2023-02-27,Bangalore,Electronics,C1,1,1133,1133
2023-02-27,Bangalore,Electronics,A1,4,1528,6112
2023-03-27,Hyderabad,Clothing,C1,3,401,1203
2023-02-18,Hyderabad,Groceries,A1,9,330,2970
2023-06-29,Delhi,Electronics,B1,8,1854,14832
2023-06-19,Delhi,Electronics,C1,1,1022,1022
2023-03-11,Hyderabad,Groceries,C1,6,1189,7134
2023-01-15,Hyderabad,Electronics,D1,9,1036,9324
2023-02-23,Chennai,Home Decor,C1,7,211,1477
2023-04-11,Bangalore,Groceries,C1,4,1136,4544
2023-01-08,Delhi,Groceries,B1,1,1516,1516
2023-02-22,Bangalore,Groceries,C1,2,599,1198
2023-03-01,Bangalore,Home Decor,B1,5,1031,5155
2023-04-18,Hyderabad,Groceries,B1,5,697,3485
2023-01-05,Chennai,Home Decor,B1,8,333,2664
2023-04-13,Mumbai,Groceries,B1,6,701,4206
2023-01-06,Chennai,Clothing,A1,8,413,3304
2023-04-19,Chennai,Electronics,D1,2,665,1330
2023-04-26,Bangalore,Clothing,A1,3,1135,3405
2023-04-04,Chennai,Electronics,C1,6,308,1848
2023-02-16,Delhi,Home Decor,A1,3,1137,3411
2023-04-09,Bangalore,Clothing,A1,6,1756,10536
2023-02-24,Delhi,Groceries,C1,6,1541,9246
2023-06-17,Mumbai,Electronics,C1,2,1560,3120
2023-02-21,Bangalore,Electronics,C1,7,1500,10500
2023-05-24,Mumbai,Clothing,A1,2,1143,2286
2023-01-13,Bangalore,Home Decor,A1,6,686,4116
2023-04-24,Hyderabad,Clothing,C1,1,1878,1878
2023-05-04,Chennai,Home Decor,D1,3,1858,5574
2023-04-16,Hyderabad,Home Decor,D1,2,1114,2228
2023-06-07,Mumbai,Electronics,B1,7,1193,8351
2023-05-27,Chennai,Clothing,C1,4,1947,7788
2023-05-25,Bangalore,Clothing,B1,8,1334,10672
2023-04-30,Chennai,Home Decor,D1,6,1224,7344
2023-03-04,Delhi,Clothing,B1,4,797,3188
2023-01-19,Chennai,Groceries,C1,5,231,1155
2023-04-02,Delhi,Groceries,C1,9,1746,15714
2023-02-27,Chennai,Clothing,C1,7,1504,10528
2023-03-31,Delhi,Clothing,A1,9,1255,11295
2023-04-27,Mumbai,Home Decor,B1,7,1143,8001
2023-03-03,Hyderabad,Groceries,D1,1,635,635
2023-01-23,Bangalore,Groceries,D1,8,1113,8904
2023-05-07,Chennai,Electronics,D1,4,326,1304
2023-05-17,Hyderabad,Home Decor,A1,3,1277,3831
2023-05-20,Bangalore,Electronics,A1,7,1928,13496
2023-05-09,Bangalore,Groceries,C1,3,1865,5595
2023-02-27,Delhi,Home Decor,D1,8,1592,12736
2023-05-02,Mumbai,Clothing,A1,6,921,5526
2023-01-01,Mumbai,Home Decor,C1,5,970,4850
2023-02-03,Hyderabad,Clothing,D1,4,504,2016
2023-04-06,Mumbai,Clothing,B1,8,301,2408
2023-05-06,Chennai,Home Decor,C1,8,137,1096
2023-04-28,Mumbai,Clothing,A1,1,1041,1041
2023-02-17,Hyderabad,Electronics,A1,9,1895,17055
2023-03-30,Mumbai,Groceries,C1,5,287,1435
2023-04-27,Chennai,Clothing,C1,4,1180,4720
2023-05-09,Delhi,Electronics,A1,6,1040,6240
2023-01-16,Hyderabad,Clothing,B1,6,1143,6858
2023-03-10,Delhi,Groceries,D1,2,372,744
2023-01-22,Delhi,Electronics,B1,8,1242,9936
2023-04-03,Delhi,Groceries,C1,7,682,4774
2023-03-17,Bangalore,Groceries,B1,1,615,615
2023-06-03,Bangalore,Electronics,A1,5,1344,6720
2023-05-24,Delhi,Electronics,C1,6,625,3750
2023-06-28,Hyderabad,Electronics,D1,4,1638,6552
2023-03-27,Chennai,Home Decor,A1,2,1851,3702
2023-01-29,Chennai,Electronics,A1,4,1864,7456
2023-03-10,Mumbai,Electronics,D1,1,435,435
2023-02-16,Hyderabad,Electronics,D1,7,797,5579
2023-04-04,Bangalore,Electronics,B1,2,1178,2356
2023-05-24,Delhi,Clothing,C1,2,599,1198
2023-06-25,Mumbai,Home Decor,D1,9,999,8991
2023-03-26,Chennai,Groceries,D1,5,865,4325
2023-02-08,Bangalore,Electronics,C1,2,635,1270
2023-04-10,Bangalore,Clothing,D1,9,261,2349
2023-02-02,Delhi,Clothing,D1,9,1793,16137
2023-04-11,Chennai,Clothing,B1,1,693,693
2023-01-23,Hyderabad,Groceries,A1,3,258,774
2023-01-10,Bangalore,Electronics,A1,4,1311,5244
2023-03-10,Delhi,Home Decor,A1,7,159,1113
2023-04-10,Hyderabad,Home Decor,A1,4,1014,4056
2023-02-03,Chennai,Clothing,D1,2,1940,3880
2023-06-29,Bangalore,Groceries,C1,7,1442,10094
2023-05-18,Hyderabad,Groceries,C1,6,310,1860
2023-05-27,Hyderabad,Groceries,B1,3,505,1515
2023-04-06,Hyderabad,Home Decor,B1,6,763,4578
2023-01-01,Bangalore,Clothing,D1,6,1232,7392
2023-03-10,Bangalore,Electronics,C1,5,1199,5995
2023-01-04,Mumbai,Home Decor,C1,4,641,2564
2023-01-16,Chennai,Clothing,A1,1,1437,1437
2023-01-24,Delhi,Clothing,D1,6,1097,6582
2023-03-21,Hyderabad,Electronics,D1,2,1240,2480
2023-01-02,Mumbai,Electronics,A1,3,1026,3078
2023-05-08,Delhi,Electronics,D1,8,967,7736
2023-06-09,Mumbai,Groceries,D1,6,1827,10962
2023-03-25,Bangalore,Electronics,B1,3,118,354
2023-06-01,Hyderabad,Clothing,C1,7,531,3717
2023-05-20,Delhi,Electronics,D1,4,1808,7232
2023-06-27,Delhi,Clothing,B1,9,839,7551
2023-06-12,Delhi,Home Decor,C1,5,1473,7365
2023-05-04,Delhi,Groceries,A1,3,282,846
2023-02-02,Delhi,Home Decor,B1,2,212,424
2023-06-10,Mumbai,Home Decor,B1,2,1306,2612
2023-06-28,Hyderabad,Clothing,C1,3,580,1740
2023-06-20,Bangalore,Home Decor,A1,2,1269,2538
2023-04-11,Bangalore,Clothing,B1,4,930,3720
2023-01-12,Bangalore,Electronics,D1,2,1751,3502
2023-03-08,Bangalore,Electronics,D1,9,1236,11124
2023-03-06,Mumbai,Clothing,D1,2,862,1724
2023-06-10,Chennai,Electronics,A1,9,575,5175
2023-06-17,Hyderabad,Groceries,B1,6,862,5172
2023-03-15,Delhi,Home Decor,D1,1,1426,1426
